constituency,imd_rank,income_rank,employment_rank,education_rank,health_rank,crime_rank,barriers_rank,environment_rank,idaci_rank,idaopi_rank
"Liverpool, Walton",1,1,1,8,1,22,480,4,2,17
"Birmingham, Hodge Hill",2,2,8,1,51,148,32,13,16,6
Blackpool South,3,8,4,19,2,15,517,11,8,66
Blackley and Broughton,4,5,13,40,11,1,108,158,19,14
"Birmingham, Erdington",5,10,9,29,23,81,43,8,15,39
Knowsley,6,4,3,10,4,178,352,123,7,23
"Birmingham, Ladywood",7,7,44,38,67,74,12,21,6,1
Middlesbrough,8,3,6,13,6,19,515,352,3,45
"Liverpool, West Derby",9,11,7,56,5,51,471,54,20,25
Nottingham North,10,6,10,4,20,63,226,204,1,57
Bradford East,11,15,38,3,61,4,380,15,50,24
"Sheffield, Brightside and Hillsborough",12,12,12,5,32,16,383,185,13,51
Birkenhead,13,9,2,73,3,106,524,104,11,67
Leeds East,14,27,30,6,53,2,427,36,34,88
Bradford West,15,18,34,11,48,9,353,23,82,15
Bootle,16,13,5,60,9,102,520,93,26,40
Manchester Central,17,38,125,94,10,6,87,49,4,5
Leeds Central,18,44,120,18,35,7,355,2,5,28
"Birmingham, Yardley",19,26,43,39,76,132,39,5,36,49
Kingston upon Hull West and Hessle,20,24,21,34,68,30,315,58,35,54
Walsall North,21,16,26,2,63,87,357,135,9,58
Blackburn,22,17,18,36,13,115,505,87,90,31
"Manchester, Gorton",23,35,110,182,16,8,99,29,40,9
"Birmingham, Hall Green",24,14,37,116,103,179,38,12,54,18
Kingston upon Hull North,25,42,76,33,66,17,194,77,22,63
"Birmingham, Northfield",26,23,29,82,56,54,63,86,10,105
Rotherham,27,34,17,12,26,46,497,303,38,98
Rochdale,28,20,22,75,39,12,314,237,75,72
Bradford South,29,46,72,17,84,3,421,80,43,85
"Liverpool, Wavertree",30,47,46,153,24,80,488,1,81,56
Kingston upon Hull East,31,36,35,16,72,68,348,91,28,69
Preston,32,49,75,48,25,23,508,24,48,43
Leeds West,33,68,84,43,59,5,461,19,27,104
Great Grimsby,34,25,28,15,126,31,501,106,12,115
Burnley,35,58,36,55,17,36,523,46,67,137
"Birmingham, Perry Barr",36,28,55,97,129,151,49,10,57,30
"Liverpool, Riverside",37,69,123,137,7,78,372,25,14,12
Bolton South East,38,22,33,81,71,11,479,141,65,64
Leicester West,39,39,102,25,62,13,418,144,18,52
Wolverhampton South East,40,19,27,22,92,121,306,138,21,48
West Bromwich West,41,33,49,26,54,145,296,76,39,44
Nottingham East,42,54,86,52,43,65,217,53,31,42
Easington,43,50,11,71,21,37,506,529,33,133
Stoke-on-Trent Central,44,66,59,30,15,84,447,126,46,93
Newcastle upon Tyne Central,45,29,56,65,33,32,378,453,45,38
Clacton,46,56,14,21,37,161,339,296,17,187
Oldham West and Royton,47,45,52,37,77,20,510,124,89,95
Garston and Halewood,48,51,25,88,22,232,415,117,79,65
Gateshead,49,55,41,77,18,33,369,394,87,60
Blackpool North and Cleveleys,50,60,19,125,8,157,507,129,74,135
Wallasey,51,59,24,171,14,164,533,67,61,107
Hartlepool,52,21,15,106,50,76,472,513,30,78
Wythenshawe and Sale East,53,63,58,145,28,66,284,233,76,77
West Bromwich East,54,48,60,42,106,166,239,40,60,70
Warley,55,30,85,70,91,208,291,18,53,32
Derby South,56,43,80,9,74,203,265,184,58,73
Tottenham,57,41,122,179,248,18,10,64,55,8
Hackney South and Shoreditch,58,52,150,412,150,38,6,43,24,3
Ashton-under-Lyne,59,74,65,87,36,24,489,132,80,129
Bolton North East,60,57,47,115,85,43,467,140,98,116
Salford and Eccles,61,89,104,136,19,44,330,131,62,75
St Helens South and Whiston,62,76,23,139,12,182,490,217,86,148
Wolverhampton North East,63,32,48,64,83,269,277,150,25,74
Stoke-on-Trent North,64,72,61,35,34,92,435,245,56,152
Walsall South,65,31,63,59,116,187,340,90,47,59
Barking,66,61,152,189,207,71,3,108,91,33
South Shields,67,37,16,131,42,119,440,520,32,84
Doncaster North,68,90,69,7,79,35,422,417,69,164
Hyndburn,69,97,78,119,30,118,532,27,139,143
Great Yarmouth,70,87,39,20,111,244,287,194,78,172
Edmonton,71,40,130,128,346,95,7,100,49,41
Stockton North,72,53,31,72,31,242,444,512,44,131
Bristol South,73,105,132,28,93,21,275,271,68,110
Redcar,74,62,20,104,46,167,470,514,37,142
Barnsley East,75,93,45,23,27,70,526,515,92,157
Hastings and Rye,76,79,66,91,131,143,77,197,70,162
Halifax,77,84,91,117,149,27,519,38,97,182
Worsley and Eccles South,78,83,73,113,49,82,377,267,100,141
"Sheffield, Heeley",79,78,70,74,96,59,432,316,66,117
Halton,80,95,53,126,45,133,487,207,104,153
Coventry North East,81,65,115,90,127,159,259,74,59,68
Oldham East and Saddleworth,82,88,95,69,115,34,511,156,110,170
"Birmingham, Edgbaston",83,100,131,274,136,160,37,51,83,106
Peterborough,84,103,134,27,132,55,89,297,108,125
Wentworth and Dearne,85,101,51,50,41,94,504,468,96,159
Stoke-on-Trent South,86,122,83,45,38,158,436,306,109,207
"Plymouth, Sutton and Devonport",87,123,105,199,55,125,424,41,114,121
Hackney North and Stoke Newington,88,82,188,347,178,100,8,65,141,7
"Birmingham, Selly Oak",89,117,155,258,89,150,65,28,77,108
Brent Central,90,86,149,280,336,61,4,97,127,35
Pendle,91,119,112,83,95,246,529,7,201,136
Sunderland Central,92,75,50,174,52,48,522,500,94,82
Doncaster Central,93,118,107,31,94,41,405,340,126,185
Barnsley Central,94,102,67,46,57,57,530,486,113,163
Washington and Sunderland West,95,70,40,58,65,229,409,532,72,97
West Ham,96,111,255,342,242,62,2,79,124,11
Houghton and Sunderland South,97,73,32,100,60,149,484,533,95,94
St Helens North,98,99,42,132,29,228,496,368,106,179
Stockport,99,108,99,159,75,40,478,161,143,127
Heywood and Middleton,100,110,87,133,73,28,396,334,133,161
"Normanton, Pontefract and Castleford",101,142,92,24,98,50,438,418,119,204
"Plymouth, Moor View",102,107,77,61,70,280,261,332,88,186
Stalybridge and Hyde,103,112,93,164,69,67,414,219,140,168
Bethnal Green and Bow,104,64,202,355,170,39,54,42,41,2
Dudley North,105,67,62,63,134,254,514,201,64,114
Huddersfield,106,116,114,204,158,52,280,69,130,173
Telford,107,81,90,79,113,105,320,505,73,120
Torbay,108,96,54,194,122,218,295,206,132,140
Leicester South,109,91,199,68,105,117,401,136,105,26
Bishop Auckland,110,98,64,147,87,156,429,481,103,151
Hemsworth,111,158,74,32,108,89,445,483,163,229
Boston and Skegness,112,148,117,14,166,375,240,199,168,169
South Thanet,113,113,89,127,193,77,241,295,115,199
Portsmouth South,114,182,272,169,162,25,260,16,112,103
Camberwell and Peckham,115,77,165,423,216,79,28,70,71,13
East Ham,116,121,284,293,308,153,1,92,202,10
Mansfield,117,150,82,47,78,204,370,444,142,222
Sittingbourne and Sheppey,118,144,128,41,187,91,210,300,117,240
Islington North,119,80,151,452,182,42,74,75,63,16
Newcastle upon Tyne East,120,139,186,161,44,139,386,361,29,71
Morecambe and Lunesdale,121,154,103,185,88,212,481,121,167,211
Denton and Reddish,122,155,127,162,81,60,457,155,169,176
Jarrow,123,92,68,176,64,196,400,522,101,109
"Southampton, Test",124,200,252,172,118,14,323,66,166,123
Wigan,125,141,97,111,80,113,483,435,190,165
Darlington,126,120,98,102,99,53,527,496,123,180
Sheffield South East,127,129,124,66,114,147,360,390,150,130
Rochford and Southend East,128,104,113,93,205,96,312,320,84,166
Wansbeck,129,131,57,167,110,126,397,531,102,280
Croydon North,130,127,206,332,279,64,17,78,157,79
Luton South,131,145,235,120,179,101,41,166,161,86
Middlesbrough South and East Cleveland,132,109,71,192,82,274,402,510,99,200
Blyth Valley,133,149,88,130,146,146,270,530,149,223
Leicester East,134,71,157,44,164,245,398,214,174,21
"Southampton, Itchen",135,196,243,135,112,26,333,99,138,191
Barrow and Furness,136,194,106,232,40,469,528,63,228,276
Walthamstow,137,124,231,320,295,90,13,56,160,37
"Brighton, Kemptown",138,143,140,86,161,267,138,357,148,122
Ashfield,139,146,100,54,120,202,439,471,111,215
Northampton South,140,197,195,110,133,56,136,262,195,195
Enfield North,141,94,181,237,390,227,9,163,85,119
Batley and Spen,142,168,168,98,201,45,373,98,219,171
North Thanet,143,140,96,143,189,152,258,346,162,203
Vauxhall,144,147,257,460,191,69,64,6,51,19
Waveney,145,152,101,80,174,262,382,243,147,247
Dagenham and Rainham,146,138,197,173,275,127,24,200,129,147
Don Valley,147,176,126,78,101,72,416,494,154,236
Islington South and Finsbury,148,106,212,401,190,103,66,47,23,22
"Manchester, Withington",149,207,292,425,58,10,207,109,187,62
Scunthorpe,150,153,137,57,148,104,495,385,146,202
Sedgefield,151,130,79,210,86,141,463,527,137,196
"Lewisham, Deptford",152,133,234,439,234,116,23,33,93,29
Lewisham East,153,135,187,364,261,155,27,59,125,101
Scarborough and Whitby,154,174,121,121,130,412,324,122,205,221
North Tyneside,155,114,94,170,102,172,403,525,128,128
Camborne and Redruth,156,160,135,261,192,414,247,20,193,181
Louth and Horncastle,157,179,111,160,145,500,176,172,175,258
Ipswich,158,187,177,89,156,122,302,152,196,208
North Durham,159,115,81,180,90,180,486,528,120,149
Bristol East,160,198,169,144,167,49,169,236,217,189
Wakefield,161,177,146,85,142,97,389,299,178,216
Poplar and Limehouse,162,85,254,318,247,177,50,118,52,4
Bermondsey and Old Southwark,163,159,287,444,211,108,29,37,42,20
Keighley,164,219,191,158,143,162,392,71,242,264
Leigh,165,165,119,193,121,112,499,364,218,193
Dudley South,166,136,129,99,160,333,500,169,136,194
Nottingham South,167,228,301,148,97,234,134,116,131,126
"Ealing, Southall",168,157,213,330,303,173,15,120,244,53
Hammersmith,169,137,194,485,228,142,53,62,134,36
Dewsbury,170,180,164,122,222,165,366,146,231,205
Rossendale and Darwen,171,189,145,225,139,213,443,142,225,235
Wolverhampton South West,172,126,118,286,155,345,322,173,170,156
Sheffield Central,173,222,323,209,147,131,294,84,118,50
Portsmouth North,174,255,290,129,217,134,278,17,210,246
Greenwich and Woolwich,175,134,237,404,262,93,35,151,116,34
Chatham and Aylesford,176,183,196,84,265,85,276,246,151,238
Workington,177,217,136,103,175,421,350,186,253,287
North West Norfolk,178,237,182,67,137,462,152,234,227,295
Bolsover,179,178,116,62,109,445,459,405,164,232
Lincoln,180,185,171,140,135,295,266,407,144,184
Hayes and Harlington,181,164,265,233,332,73,26,189,188,102
Newcastle upon Tyne North,182,166,143,211,124,210,367,511,180,192
Chesterfield,183,167,108,197,47,471,448,499,177,220
Norwich South,184,173,210,138,117,236,466,315,122,138
Northampton North,185,229,247,146,159,75,222,220,200,228
Bristol North West,186,205,204,168,204,58,243,388,181,225
South Basildon and East Thurrock,187,199,207,53,286,88,204,419,153,248
Croydon Central,188,162,228,278,290,170,33,191,135,183
St Ives,189,209,189,360,274,486,140,3,261,214
Erith and Thamesmead,190,128,221,292,316,171,31,259,121,99
Lancaster and Fleetwood,191,234,222,252,141,297,446,85,207,227
Lewisham West and Penge,192,161,224,408,313,123,40,102,155,100
St Austell and Newquay,193,204,148,213,227,450,244,61,232,245
Nuneaton,194,201,172,105,184,168,354,312,185,233
Havant,195,212,179,76,212,140,342,293,179,273
Halesowen and Rowley Regis,196,156,154,196,181,296,417,165,145,177
Dulwich and West Norwood,197,170,246,488,267,86,81,35,183,61
North East Cambridgeshire,198,221,211,49,173,304,164,383,203,249
Folkestone and Hythe,199,188,147,187,241,275,165,264,176,260
Bury North,200,186,141,275,188,136,441,212,238,253
Bury South,201,175,133,305,169,109,451,250,239,209
Warrington North,202,214,159,203,123,235,413,288,243,230
Holborn and St Pancras,203,132,214,420,343,107,235,52,107,46
North Cornwall,204,250,219,226,289,514,52,26,251,292
Bridgwater and West Somerset,205,248,216,149,259,301,192,68,230,329
North West Durham,206,151,109,272,104,278,454,509,182,158
Luton North,207,172,230,205,194,181,71,327,191,178
Feltham and Heston,208,181,294,290,315,163,16,143,189,87
Copeland,209,265,156,154,119,499,297,239,279,342
Ealing North,210,169,250,394,367,205,11,137,220,90
Isle of Wight,211,202,139,175,240,340,344,125,211,271
Bedford,212,190,183,201,219,216,185,257,213,219
Westminster North,213,125,208,461,438,175,195,50,158,27
Stretford and Urmston,214,163,142,322,165,248,452,193,233,154
Dover,215,195,153,163,260,189,232,386,156,299
Gloucester,216,213,203,141,157,314,234,393,206,239
Kensington,217,241,295,529,516,138,14,22,319,92
Carlisle,218,249,161,96,152,294,456,351,254,306
Derby North,219,216,225,156,144,305,321,241,192,218
Slough,220,244,328,266,220,128,18,230,303,91
Bristol West,221,280,358,367,237,47,101,94,184,113
Thurrock,222,184,263,101,310,135,126,347,172,144
Rother Valley,223,231,166,191,107,191,494,459,215,291
Gillingham and Rainham,224,253,227,186,258,98,347,157,222,325
Bassetlaw,225,251,163,142,151,255,337,429,237,305
Streatham,226,208,321,482,254,124,82,14,165,47
Eltham,227,193,223,326,297,129,59,205,186,160
Wyre Forest,228,235,190,177,284,239,175,208,208,298
Weston-Super-Mare,229,191,138,219,230,222,375,476,214,254
Coventry North West,230,218,239,245,195,250,335,81,223,190
Leyton and Wanstead,231,223,332,414,347,169,21,60,256,81
Coventry South,232,226,300,247,177,341,215,112,152,175
Cleethorpes,233,192,175,181,231,273,455,261,159,244
Bournemouth West,234,230,242,218,200,194,190,244,199,188
South Dorset,235,272,176,184,163,388,168,280,249,362
South West Norfolk,236,307,279,51,213,429,113,224,323,314
Southport,237,215,144,370,100,378,525,180,310,217
Meriden,238,206,173,195,301,261,237,484,173,304
Basildon and Billericay,239,211,236,123,319,176,153,488,171,250
Redditch,240,267,251,166,183,300,55,487,264,269
Makerfield,241,246,167,222,128,197,509,477,301,234
Bolton West,242,245,178,324,171,144,474,260,278,256
Bournemouth East,243,232,200,307,208,199,316,177,282,197
South East Cornwall,244,274,226,313,232,475,139,44,289,301
Bognor Regis and Littlehampton,245,268,232,124,180,289,137,396,269,288
Weaver Vale,246,239,170,256,196,371,343,342,241,294
Gravesham,247,259,256,157,307,29,423,287,234,293
Norwich North,248,236,209,95,224,349,462,326,221,277
Ellesmere Port and Neston,249,242,160,217,172,330,469,375,226,315
Rochester and Strood,250,269,260,190,270,110,326,188,248,286
Eastbourne,251,210,158,212,266,292,233,413,194,281
Torridge and West Devon,252,292,248,263,255,517,83,57,314,349
North Norfolk,253,317,241,227,272,522,46,110,337,361
Blaydon,254,225,162,271,125,288,368,507,257,213
Amber Valley,255,243,184,92,186,448,434,382,216,267
Hornsey and Wood Green,256,258,320,493,353,99,44,72,306,83
Erewash,257,227,192,114,236,372,531,242,197,274
Calder Valley,258,287,258,402,244,174,458,34,290,318
North Devon,259,297,271,257,235,481,91,127,340,308
Stourbridge,260,220,193,214,221,327,482,213,247,231
Gainsborough,261,257,185,268,281,497,177,231,204,363
Brent North,262,254,376,415,456,217,5,176,336,76
East Yorkshire,263,261,201,259,304,408,216,255,291,296
Cannock Chase,264,240,205,107,226,323,442,378,235,206
Harlow,265,233,270,183,245,209,84,524,209,241
Worcester,266,277,266,262,256,237,305,164,240,279
Sherwood,267,271,174,134,218,336,365,482,229,373
Wellingborough,268,264,259,112,269,241,301,427,246,278
Leeds North East,269,260,240,440,243,114,465,119,343,198
Ilford South,270,171,324,426,435,130,51,162,259,55
Burton,271,304,283,198,233,313,349,113,322,319
Mitcham and Morden,272,203,303,372,344,185,154,107,198,118
Corby,273,300,273,109,239,328,170,465,296,328
Ealing Central and Acton,274,262,349,508,373,192,25,73,276,112
Berwick-upon-Tweed,275,311,229,229,276,428,129,301,298,344
North Warwickshire,276,294,264,152,257,249,317,232,292,289
West Lancashire,277,224,180,264,250,397,304,401,236,224
South Swindon,278,266,302,220,251,154,345,349,270,210
Colchester,279,270,307,269,246,226,88,432,224,266
Crewe and Nantwich,280,319,293,188,225,316,376,238,285,367
Milton Keynes South,281,263,310,248,282,311,45,497,266,237
Tamworth,282,279,278,151,229,277,279,463,255,262
Brentford and Isleworth,283,286,377,503,364,120,30,88,293,155
Stockton South,284,247,198,345,154,359,404,523,280,263
Totnes,285,252,220,341,328,459,213,175,250,300
Newcastle-under-Lyme,286,293,233,231,168,290,516,317,294,283
Colne Valley,287,290,268,363,291,195,374,82,305,346
Hereford and South Herefordshire,288,328,304,207,331,425,205,103,346,333
Kettering,289,288,267,206,249,265,313,374,283,323
Hendon,290,238,333,455,501,221,20,159,297,111
Reading West,291,275,317,216,305,271,146,365,245,259
Faversham and Mid Kent,292,324,327,215,359,240,97,251,277,378
Crawley,293,298,353,150,287,252,94,399,272,252
Shipley,294,349,306,375,209,111,491,134,362,351
Hazel Grove,295,320,244,301,176,219,460,371,345,336
Aldridge-Brownhills,296,273,253,238,199,385,385,304,273,242
Ashford,297,291,313,223,388,224,69,403,268,326
Chingford and Woodford Green,298,285,340,393,394,188,60,154,267,251
Oxford East,299,322,406,276,293,247,178,160,212,226
Truro and Falmouth,300,303,291,432,302,498,179,48,326,290
Gosport,301,348,316,165,288,211,346,247,299,411
North Herefordshire,302,369,364,356,382,483,47,31,381,379
Stevenage,303,281,285,221,329,230,173,460,252,285
Yeovil,304,326,298,240,298,324,246,218,302,380
Morley and Outwood,305,355,305,337,206,190,433,145,367,297
Dartford,306,367,389,284,345,83,141,174,331,385
The Wrekin,307,289,289,265,214,339,299,450,288,270
North Shropshire,308,334,311,254,348,443,109,148,358,316
City of Durham,309,312,282,329,153,309,437,521,260,284
City of Chester,310,301,275,374,215,318,419,249,329,272
Hove,311,283,274,397,253,344,255,192,355,150
North West Cambridgeshire,312,338,342,249,309,279,127,373,309,364
Ludlow,313,377,386,348,401,478,62,30,405,360
Chorley,314,315,249,354,198,325,475,305,351,303
Tynemouth,315,278,218,386,197,268,477,516,328,275
Forest of Dean,316,323,281,224,386,495,189,181,325,358
Hampstead and Kilburn,317,256,337,504,468,184,120,111,271,96
North East Derbyshire,318,284,217,228,210,516,476,466,287,317
Taunton Deane,319,351,309,338,296,319,158,240,363,369
North Swindon,320,339,347,178,277,238,325,458,317,343
Eddisbury,321,344,314,321,300,411,209,226,320,395
Wirral West,322,308,215,454,138,453,513,291,379,302
Brigg and Goole,323,321,277,200,292,363,394,319,332,320
Broxbourne,324,325,360,208,462,257,48,398,286,327
West Suffolk,325,407,423,155,342,338,36,372,426,377
"Brighton, Pavilion",326,343,362,409,299,285,224,115,348,167
Chelsea and Fulham,327,335,427,524,469,183,75,39,371,134
Bexhill and Battle,328,340,288,344,351,449,131,222,342,393
Carshalton and Wallington,329,282,308,379,380,272,200,216,281,282
Bexleyheath and Crayford,330,313,318,267,398,291,135,258,258,370
Wirral South,331,359,238,467,140,456,512,215,398,389
Exeter,332,347,335,289,273,361,379,182,318,257
Wells,333,337,276,309,330,358,254,298,372,371
Harwich and North Essex,334,352,326,283,280,364,253,292,324,383
Tooting,335,306,418,513,352,206,76,83,307,89
Cities of London and Westminster,336,357,398,522,506,337,182,9,308,212
Penrith and The Border,337,436,409,281,361,529,80,45,459,467
Worthing West,338,341,262,282,264,410,371,227,339,376
Castle Point,339,314,299,118,350,343,318,498,274,330
Penistone and Stocksbridge,340,360,286,312,202,256,428,442,395,335
South Holland and The Deepings,341,345,322,108,338,491,203,426,330,356
Newton Abbot,342,309,269,317,322,437,351,229,333,307
Mid Norfolk,343,383,330,202,326,494,121,281,421,375
Bromley and Chislehurst,344,310,350,438,463,201,68,279,275,312
Battersea,345,329,453,521,372,207,116,55,265,80
South West Wiltshire,346,363,338,255,411,356,118,256,347,410
Mid Worcestershire,347,382,357,287,403,353,90,235,382,398
East Worthing and Shoreham,348,342,312,239,306,394,411,203,352,332
Hornchurch and Upminster,349,318,341,243,421,253,208,408,263,338
Milton Keynes North,350,330,373,334,340,312,56,464,313,313
Shrewsbury and Atcham,351,350,329,352,335,417,229,221,350,341
"Enfield, Southgate",352,305,404,498,482,286,22,187,334,174
Ilford North,353,295,369,422,464,186,98,210,354,146
Putney,354,299,421,506,385,284,78,130,262,132
Central Devon,355,371,371,405,412,519,174,32,384,391
Romford,356,331,370,246,408,215,198,290,295,311
Newark,357,373,319,285,365,409,206,282,369,420
Suffolk Coastal,358,387,345,250,355,455,286,170,376,440
Leeds North West,359,426,456,430,223,200,449,105,402,345
Somerton and Frome,360,392,375,336,369,399,112,167,386,418
Southend West,361,316,315,288,320,315,399,377,349,268
Poole,362,327,325,273,318,355,283,392,316,309
Hemel Hempstead,363,333,352,251,406,225,199,479,300,340
York Central,364,365,402,241,285,380,450,190,312,255
Fylde,365,362,261,431,203,424,498,302,411,365
Beverley and Holderness,366,353,297,349,374,432,248,366,370,355
West Dorset,367,393,356,380,362,482,124,139,383,437
South West Bedfordshire,368,358,379,236,396,214,268,425,284,401
Harrow East,369,296,419,473,507,299,19,289,365,139
Gedling,370,302,245,277,327,374,485,416,315,331
Harrow West,371,276,378,509,495,287,34,254,338,124
High Peak,372,354,296,314,263,477,430,275,364,354
West Worcestershire,373,380,346,428,426,413,85,149,356,429
Uxbridge and South Ruislip,374,361,434,383,371,223,92,265,304,265
Tiverton and Honiton,375,374,348,303,442,513,191,133,397,402
Canterbury,376,376,403,335,341,231,149,462,311,352
Cambridge,377,419,476,462,387,198,184,114,353,324
Thirsk and Malton,378,415,425,300,419,530,103,101,433,416
Staffordshire Moorlands,379,403,339,299,339,431,282,223,423,407
Maidstone and The Weald,380,379,390,385,405,276,162,195,373,396
Banbury,381,423,451,234,360,384,172,270,412,412
Pudsey,382,425,413,418,294,193,503,96,454,368
Lewes,383,370,334,306,402,446,123,331,357,434
Aldershot,384,346,441,297,334,283,238,445,403,145
Spelthorne,385,421,449,304,414,251,93,198,361,456
Warrington South,386,389,331,403,252,377,363,376,428,381
Finchley and Golders Green,387,332,397,528,517,243,61,153,417,201
Epping Forest,388,366,400,291,465,137,273,355,368,321
Braintree,389,375,363,244,378,382,236,380,377,353
Basingstoke,390,402,405,260,356,259,214,501,385,387
Central Suffolk and North Ipswich,391,422,433,323,436,438,117,202,407,443
Croydon South,392,396,417,479,381,331,42,285,366,415
North West Leicestershire,393,378,336,242,317,368,412,457,360,400
Welwyn Hatfield,394,386,430,350,366,303,114,451,335,357
Cheltenham,395,364,361,371,311,298,395,410,341,366
Rugby,396,384,380,331,357,282,290,333,378,390
Loughborough,397,372,392,294,354,310,393,354,321,347
South Derbyshire,398,406,384,253,321,467,292,311,392,404
Reading East,399,397,471,378,379,352,125,253,393,243
Watford,400,381,412,429,407,233,147,277,389,322
Grantham and Stamford,401,356,351,315,393,504,197,430,327,394
Stafford,402,391,344,358,324,418,356,367,359,417
Sefton Central,403,395,280,481,185,404,518,345,469,372
South Suffolk,404,416,426,316,455,392,70,276,410,441
South Ribble,405,388,343,406,268,398,502,274,399,392
Chipping Barnet,406,336,381,512,511,264,73,263,375,261
Bosworth,407,400,368,235,370,335,408,402,394,413
Hertsmere,408,385,394,400,441,263,115,441,413,339
Chichester,409,413,422,376,375,451,151,225,406,455
Broadland,410,429,387,308,389,527,110,272,448,431
North Dorset,411,443,439,310,453,515,57,307,427,474
South Norfolk,412,417,407,362,434,510,106,209,425,428
Elmet and Rothwell,413,437,383,381,271,306,426,309,442,433
New Forest East,414,432,408,319,423,307,171,389,387,497
Salisbury,415,433,414,373,397,367,159,318,439,438
Sutton Coldfield,416,457,415,507,278,454,144,168,492,405
Bury St Edmunds,417,438,443,327,424,439,72,409,431,436
Warwick and Leamington,418,414,429,443,325,281,307,329,436,334
Romsey and Southampton North,419,468,495,436,416,360,133,196,434,478
Witham,420,410,393,296,376,370,267,447,416,397
Maldon,421,427,410,302,467,419,128,411,419,427
Macclesfield,422,420,359,459,337,400,338,359,458,458
South Staffordshire,423,390,365,325,391,401,410,339,400,359
Wycombe,424,368,395,343,486,403,160,472,388,337
Kingswood,425,404,391,230,452,266,388,519,396,384
Orpington,426,409,437,434,498,348,96,397,344,487
Tonbridge and Malling,427,431,448,396,480,351,142,330,414,461
Broxtowe,428,394,355,392,363,362,521,337,391,374
Devizes,429,476,487,298,430,468,132,273,482,445
Huntingdon,430,445,445,295,418,391,187,400,409,481
Stone,431,480,382,437,349,484,157,369,489,486
Kingston and Surbiton,432,399,466,496,473,350,122,183,401,310
Chelmsford,433,398,399,398,459,321,201,480,374,425
Chippenham,434,408,367,340,420,466,271,478,404,453
Congleton,435,434,366,466,312,406,362,446,443,480
Hexham,436,458,424,457,358,507,156,335,478,470
Daventry,437,463,458,346,417,329,242,391,450,493
Skipton and Ripon,438,492,465,442,425,524,221,95,510,485
Selby and Ainsty,439,447,428,339,422,506,274,325,449,442
Wealden,440,449,460,390,505,480,86,252,435,476
Solihull,441,430,420,458,368,369,289,350,461,388
New Forest West,442,435,385,427,440,357,186,437,437,482
Ribble Valley,443,477,411,477,333,463,384,179,496,469
Westmorland and Lonsdale,444,499,464,424,410,523,272,89,517,505
Sevenoaks,445,439,462,416,504,220,228,356,415,484
East Surrey,446,483,481,391,432,260,188,343,456,506
Bath,447,405,436,419,428,347,464,370,390,348
Lichfield,448,412,372,388,383,464,358,440,420,422
Aylesbury,449,442,450,279,466,407,219,506,440,447
Richmond (Yorks),450,485,478,328,448,531,143,284,467,490
North East Hertfordshire,451,424,440,384,493,387,202,421,408,448
Sleaford and North Hykeham,452,411,374,421,429,533,257,381,429,408
Stratford-on-Avon,453,461,469,483,431,415,119,211,475,457
North Wiltshire,454,473,485,411,451,488,107,268,465,471
North West Hampshire,455,474,473,365,439,395,183,404,445,495
Derbyshire Dales,456,481,455,441,415,528,196,178,477,498
Old Bexley and Sidcup,457,448,468,369,461,386,212,278,424,423
Bromsgrove,458,452,432,453,395,317,329,456,452,464
Christchurch,459,401,354,351,444,492,308,508,380,460
East Devon,460,428,388,389,447,508,387,308,432,462
Tewkesbury,461,450,454,366,399,501,220,415,418,488
Brentwood and Ongar,462,462,486,382,500,270,181,452,441,451
Wyre and Preston North,463,460,431,514,238,470,406,314,504,406
Eastleigh,464,454,457,333,443,293,420,384,455,424
Cheadle,465,464,416,511,283,258,492,412,507,435
Reigate,466,472,484,471,437,332,163,341,462,483
North East Somerset,467,446,435,368,460,379,332,455,453,450
South West Devon,468,469,396,478,323,525,359,286,479,468
Filton and Bradley Stoke,469,451,459,361,472,354,288,489,422,419
Arundel and South Downs,470,502,494,445,475,472,102,228,505,520
Stroud,471,418,401,433,413,518,328,379,438,426
Tatton,472,475,446,476,392,440,309,353,497,473
Meon Valley,473,466,479,417,478,389,269,321,446,500
Tunbridge Wells,474,453,461,435,474,393,298,283,470,430
North East Bedfordshire,475,459,472,407,454,441,245,360,430,472
East Hampshire,476,496,490,449,488,381,148,310,493,517
Runnymede and Weybridge,477,498,523,451,496,322,105,324,463,454
Sutton and Cheam,478,440,483,490,457,376,231,269,444,382
Bracknell,479,455,463,311,481,489,145,526,451,399
Thornbury and Yate,480,490,474,353,491,405,250,443,460,507
Harborough,481,444,444,377,404,435,407,492,447,414
Woking,482,484,492,464,446,365,166,422,474,463
"Ruislip, Northwood and Pinner",483,441,467,515,477,373,100,420,457,403
Charnwood,484,471,470,359,433,326,425,423,471,449
Mid Dorset and North Poole,485,465,442,387,409,490,262,493,464,489
The Cotswolds,486,488,497,470,484,526,104,266,488,492
Newbury,487,478,489,395,483,465,249,336,472,466
Harrogate and Knaresborough,488,482,447,468,400,503,381,294,508,465
Rutland and Melton,489,493,493,446,476,487,167,323,468,514
Mid Derbyshire,490,467,452,413,314,520,431,428,466,452
Altrincham and Sale West,491,456,438,525,384,320,493,344,500,409
South East Cambridgeshire,492,487,499,456,503,457,95,431,481,444
Saffron Walden,493,510,522,472,524,420,58,362,511,479
South Leicestershire,494,479,480,357,450,402,453,469,476,439
Beckenham,495,494,502,510,523,366,79,348,480,477
Rayleigh and Wickford,496,486,482,270,487,436,310,518,484,432
Kenilworth and Southam,497,523,525,516,449,447,130,248,503,519
Mole Valley,498,522,506,484,502,427,111,328,520,530
St Albans,499,470,477,517,519,302,251,448,483,446
Fareham,500,508,496,450,471,422,300,338,494,515
Horsham,501,519,503,492,489,460,155,387,526,522
Twickenham,502,491,498,531,525,308,364,171,501,421
Mid Bedfordshire,503,512,508,448,485,430,256,363,491,503
Richmond Park,504,489,516,532,529,346,336,147,513,386
Oxford West and Abingdon,505,514,518,469,497,502,264,322,487,524
Buckingham,506,528,528,495,509,512,67,358,516,523
Guildford,507,511,517,474,494,442,281,406,486,502
Wantage,508,497,504,399,508,505,293,439,473,516
Surrey Heath,509,506,507,447,479,444,252,485,485,518
Haltemprice and Howden,510,504,475,489,458,493,390,414,518,494
North Somerset,511,509,491,480,445,423,311,502,523,511
Witney,512,505,505,410,492,521,230,473,490,512
Wimbledon,513,500,529,533,499,390,319,128,502,350
Beaconsfield,514,516,526,487,526,383,180,467,499,521
Windsor,515,520,530,491,513,434,211,461,521,475
South Northamptonshire,516,526,527,463,470,473,225,475,519,501
Henley,517,530,531,486,527,496,150,313,529,529
Hitchin and Harpenden,518,513,510,519,520,416,218,454,512,509
Esher and Walton,519,501,521,501,530,334,334,433,498,496
South West Hertfordshire,520,507,512,475,518,426,263,504,506,499
Epsom and Ewell,521,521,511,499,512,342,303,424,514,527
South Cambridgeshire,522,524,524,518,521,452,161,395,509,526
Winchester,523,527,509,500,510,461,285,434,525,525
Hertford and Stortford,524,495,501,494,528,396,361,495,495,459
Mid Sussex,525,517,513,465,522,476,327,474,515,508
"Sheffield, Hallam",526,529,515,530,377,433,473,436,533,504
Maidenhead,527,518,520,502,515,479,331,438,528,510
South West Surrey,528,515,500,505,490,474,341,490,522,513
Rushcliffe,529,503,488,527,514,511,468,449,524,491
York Outer,530,531,519,497,427,532,391,470,532,528
Chesham and Amersham,531,525,514,520,533,485,223,517,530,531
North East Hampshire,532,533,533,526,531,458,227,491,531,532
Wokingham,533,532,532,523,532,509,193,503,527,533
